id,genero,vocal_min,vocal_max,classificacao_vocal,volume_voz_db,instrumento,vol_inst_dedilhado_db,vol_inst_corrido_db,hierarquia
M007,Masculino,E2,A5,Tenor,"90,70",Bandolim,"88,80","90,60",Veterano
M018,Feminino,E3,G5,Mezzo-Soprano ,"78,30",Guitarra,"73,00","84,20",Veterano
M022,Feminino,C3,D5,Contralto,"82,90",Guitarra,"82,20","75,20",Tuno
M025,Feminino,D3,C5,Contralto,"87,30",Estandarte,"0,00","0,00",Tuno
M031,Feminino,E3,F5,Contralto ,"90,80",Bandolim,"87,20","96,30",Tuno
M032,Masculino,F2,C4,Barítono,"79,80",Guitarra,"58,60","73,40",Caloiro
M033,Feminino,F3,A4,Contralto,"73,90",Guitarra,"69,40","75,00",Caloiro
M035,Feminino,E3,A5,Mezzo-Soprano,"85,00",Guitarra,"67,30","86,60",Caloiro
M037,Feminino,G3,B4,Contralto,"83,90",Pandeireta,"98,40","104,60",Caloiro
M038,Feminino,F3,D5,Contralto,"82,30",Estandarte,"0,00","0,00",Caloiro
M039,Masculino,D3,B4,Tenor,"85,40",Pandeireta,"97,50","103,30",Caloiro
M043,Feminino,C4,C5,Soprano,"81,40",Cavaquinho,"0,00","84,90",Criadage